"Name::label","X1 Relative Compactness::number","X2 Surface Area::number","X3 Wall Area::number","X4 Roof Area::number","X5 Overall Height::number","X6 Orientation::number","X7 Glazing Area::number","X8 Glazing Area Distribution::number","y1 Heating Load::number","y2 Cooling Load::number"
"Row    1","0.98","514.5","294","110.25","7","2","0","0","15.55","21.33"
"Row    2","0.98","514.5","294","110.25","7","3","0","0","15.55","21.33"
"Row    3","0.98","514.5","294","110.25","7","4","0","0","15.55","21.33"
"Row    4","0.98","514.5","294","110.25","7","5","0","0","15.55","21.33"
"Row    5","0.9","563.5","318.5","122.5","7","2","0","0","20.84","28.28"
"Row    6","0.9","563.5","318.5","122.5","7","3","0","0","21.46","25.38"
"Row    7","0.9","563.5","318.5","122.5","7","4","0","0","20.71","25.16"
"Row    8","0.9","563.5","318.5","122.5","7","5","0","0","19.68","29.6"
"Row    9","0.86","588","294","147","7","2","0","0","19.5","27.3"
"Row   10","0.86","588","294","147","7","3","0","0","19.95","21.97"
"Row   11","0.86","588","294","147","7","4","0","0","19.34","23.49"
"Row   12","0.86","588","294","147","7","5","0","0","18.31","27.87"
"Row   13","0.82","612.5","318.5","147","7","2","0","0","17.05","23.77"
"Row   14","0.82","612.5","318.5","147","7","3","0","0","17.41","21.46"
"Row   15","0.82","612.5","318.5","147","7","4","0","0","16.95","21.16"
"Row   16","0.82","612.5","318.5","147","7","5","0","0","15.98","24.93"
"Row   17","0.79","637","343","147","7","2","0","0","28.52","37.73"
"Row   18","0.79","637","343","147","7","3","0","0","29.9","31.27"
"Row   19","0.79","637","343","147","7","4","0","0","29.63","30.93"
"Row   20","0.79","637","343","147","7","5","0","0","28.75","39.44"
"Row   21","0.76","661.5","416.5","122.5","7","2","0","0","24.77","29.79"
"Row   22","0.76","661.5","416.5","122.5","7","3","0","0","23.93","29.68"
"Row   23","0.76","661.5","416.5","122.5","7","4","0","0","24.77","29.79"
"Row   24","0.76","661.5","416.5","122.5","7","5","0","0","23.93","29.4"
"Row   25","0.74","686","245","220.5","3.5","2","0","0","6.07","10.9"
"Row   26","0.74","686","245","220.5","3.5","3","0","0","6.05","11.19"
"Row   27","0.74","686","245","220.5","3.5","4","0","0","6.01","10.94"
"Row   28","0.74","686","245","220.5","3.5","5","0","0","6.04","11.17"
"Row   29","0.71","710.5","269.5","220.5","3.5","2","0","0","6.37","11.27"
"Row   30","0.71","710.5","269.5","220.5","3.5","3","0","0","6.4","11.72"
"Row   31","0.71","710.5","269.5","220.5","3.5","4","0","0","6.37","11.29"
"Row   32","0.71","710.5","269.5","220.5","3.5","5","0","0","6.4","11.67"
"Row   33","0.69","735","294","220.5","3.5","2","0","0","6.85","11.74"
"Row   34","0.69","735","294","220.5","3.5","3","0","0","6.79","12.05"
"Row   35","0.69","735","294","220.5","3.5","4","0","0","6.77","11.73"
"Row   36","0.69","735","294","220.5","3.5","5","0","0","6.81","11.93"
"Row   37","0.66","759.5","318.5","220.5","3.5","2","0","0","7.18","12.4"
"Row   38","0.66","759.5","318.5","220.5","3.5","3","0","0","7.1","12.23"
"Row   39","0.66","759.5","318.5","220.5","3.5","4","0","0","7.1","12.4"
"Row   40","0.66","759.5","318.5","220.5","3.5","5","0","0","7.1","12.14"
"Row   41","0.64","784","343","220.5","3.5","2","0","0","10.85","16.78"
"Row   42","0.64","784","343","220.5","3.5","3","0","0","10.54","16.8"
"Row   43","0.64","784","343","220.5","3.5","4","0","0","10.77","16.75"
"Row   44","0.64","784","343","220.5","3.5","5","0","0","10.56","16.67"
"Row   45","0.62","808.5","367.5","220.5","3.5","2","0","0","8.6","12.07"
"Row   46","0.62","808.5","367.5","220.5","3.5","3","0","0","8.49","12.22"
"Row   47","0.62","808.5","367.5","220.5","3.5","4","0","0","8.45","12.08"
"Row   48","0.62","808.5","367.5","220.5","3.5","5","0","0","8.5","12.04"
"Row   49","0.98","514.5","294","110.25","7","2","0.1","1","24.58","26.47"
"Row   50","0.98","514.5","294","110.25","7","3","0.1","1","24.63","26.37"
"Row   51","0.98","514.5","294","110.25","7","4","0.1","1","24.63","26.44"
"Row   52","0.98","514.5","294","110.25","7","5","0.1","1","24.59","26.29"
"Row   53","0.9","563.5","318.5","122.5","7","2","0.1","1","29.03","32.92"
"Row   54","0.9","563.5","318.5","122.5","7","3","0.1","1","29.87","29.87"
"Row   55","0.9","563.5","318.5","122.5","7","4","0.1","1","29.14","29.58"
"Row   56","0.9","563.5","318.5","122.5","7","5","0.1","1","28.09","34.33"
"Row   57","0.86","588","294","147","7","2","0.1","1","26.28","30.89"
"Row   58","0.86","588","294","147","7","3","0.1","1","26.91","25.6"
"Row   59","0.86","588","294","147","7","4","0.1","1","26.37","27.03"
"Row   60","0.86","588","294","147","7","5","0.1","1","25.27","31.73"
"Row   61","0.82","612.5","318.5","147","7","2","0.1","1","23.53","27.31"
"Row   62","0.82","612.5","318.5","147","7","3","0.1","1","24.03","24.91"
"Row   63","0.82","612.5","318.5","147","7","4","0.1","1","23.54","24.61"
"Row   64","0.82","612.5","318.5","147","7","5","0.1","1","22.58","28.51"
"Row   65","0.79","637","343","147","7","2","0.1","1","35.56","41.68"
"Row   66","0.79","637","343","147","7","3","0.1","1","37.12","35.28"
"Row   67","0.79","637","343","147","7","4","0.1","1","36.9","34.43"
"Row   68","0.79","637","343","147","7","5","0.1","1","35.94","43.33"
"Row   69","0.76","661.5","416.5","122.5","7","2","0.1","1","32.96","33.87"
"Row   70","0.76","661.5","416.5","122.5","7","3","0.1","1","32.12","34.07"
"Row   71","0.76","661.5","416.5","122.5","7","4","0.1","1","32.94","34.14"
"Row   72","0.76","661.5","416.5","122.5","7","5","0.1","1","32.21","33.67"
"Row   73","0.74","686","245","220.5","3.5","2","0.1","1","10.36","13.43"
"Row   74","0.74","686","245","220.5","3.5","3","0.1","1","10.43","13.71"
"Row   75","0.74","686","245","220.5","3.5","4","0.1","1","10.36","13.48"
"Row   76","0.74","686","245","220.5","3.5","5","0.1","1","10.39","13.7"
"Row   77","0.71","710.5","269.5","220.5","3.5","2","0.1","1","10.71","13.8"
"Row   78","0.71","710.5","269.5","220.5","3.5","3","0.1","1","10.8","14.28"
"Row   79","0.71","710.5","269.5","220.5","3.5","4","0.1","1","10.7","13.87"
"Row   80","0.71","710.5","269.5","220.5","3.5","5","0.1","1","10.75","14.27"
"Row   81","0.69","735","294","220.5","3.5","2","0.1","1","11.11","14.28"
"Row   82","0.69","735","294","220.5","3.5","3","0.1","1","11.13","14.61"
"Row   83","0.69","735","294","220.5","3.5","4","0.1","1","11.09","14.3"
"Row   84","0.69","735","294","220.5","3.5","5","0.1","1","11.16","14.45"
"Row   85","0.66","759.5","318.5","220.5","3.5","2","0.1","1","11.68","13.9"
"Row   86","0.66","759.5","318.5","220.5","3.5","3","0.1","1","11.69","13.72"
"Row   87","0.66","759.5","318.5","220.5","3.5","4","0.1","1","11.7","13.88"
"Row   88","0.66","759.5","318.5","220.5","3.5","5","0.1","1","11.69","13.65"
"Row   89","0.64","784","343","220.5","3.5","2","0.1","1","15.41","19.37"
"Row   90","0.64","784","343","220.5","3.5","3","0.1","1","15.2","19.43"
"Row   91","0.64","784","343","220.5","3.5","4","0.1","1","15.42","19.34"
"Row   92","0.64","784","343","220.5","3.5","5","0.1","1","15.21","19.32"
"Row   93","0.62","808.5","367.5","220.5","3.5","2","0.1","1","12.96","14.34"
"Row   94","0.62","808.5","367.5","220.5","3.5","3","0.1","1","12.97","14.5"
"Row   95","0.62","808.5","367.5","220.5","3.5","4","0.1","1","12.93","14.33"
"Row   96","0.62","808.5","367.5","220.5","3.5","5","0.1","1","13.02","14.27"
"Row   97","0.98","514.5","294","110.25","7","2","0.1","2","24.29","25.95"
"Row   98","0.98","514.5","294","110.25","7","3","0.1","2","24.31","25.63"
"Row   99","0.98","514.5","294","110.25","7","4","0.1","2","24.13","26.13"
"Row  100","0.98","514.5","294","110.25","7","5","0.1","2","24.25","25.89"
"Row  101","0.9","563.5","318.5","122.5","7","2","0.1","2","28.88","32.54"
"Row  102","0.9","563.5","318.5","122.5","7","3","0.1","2","29.68","29.44"
"Row  103","0.9","563.5","318.5","122.5","7","4","0.1","2","28.83","29.36"
"Row  104","0.9","563.5","318.5","122.5","7","5","0.1","2","27.9","34.2"
"Row  105","0.86","588","294","147","7","2","0.1","2","26.48","30.91"
"Row  106","0.86","588","294","147","7","3","0.1","2","27.02","25.63"
"Row  107","0.86","588","294","147","7","4","0.1","2","26.33","27.36"
"Row  108","0.86","588","294","147","7","5","0.1","2","25.36","31.9"
"Row  109","0.82","612.5","318.5","147","7","2","0.1","2","23.75","27.38"
"Row  110","0.82","612.5","318.5","147","7","3","0.1","2","24.23","25.02"
"Row  111","0.82","612.5","318.5","147","7","4","0.1","2","23.67","24.8"
"Row  112","0.82","612.5","318.5","147","7","5","0.1","2","22.79","28.79"
"Row  113","0.79","637","343","147","7","2","0.1","2","35.65","41.07"
"Row  114","0.79","637","343","147","7","3","0.1","2","37.26","34.62"
"Row  115","0.79","637","343","147","7","4","0.1","2","36.97","33.87"
"Row  116","0.79","637","343","147","7","5","0.1","2","36.03","42.86"
"Row  117","0.76","661.5","416.5","122.5","7","2","0.1","2","33.16","33.91"
"Row  118","0.76","661.5","416.5","122.5","7","3","0.1","2","32.4","34.07"
"Row  119","0.76","661.5","416.5","122.5","7","4","0.1","2","33.12","34.17"
"Row  120","0.76","661.5","416.5","122.5","7","5","0.1","2","32.41","33.78"
"Row  121","0.74","686","245","220.5","3.5","2","0.1","2","10.42","13.39"
"Row  122","0.74","686","245","220.5","3.5","3","0.1","2","10.46","13.72"
"Row  123","0.74","686","245","220.5","3.5","4","0.1","2","10.32","13.57"
"Row  124","0.74","686","245","220.5","3.5","5","0.1","2","10.45","13.79"
"Row  125","0.71","710.5","269.5","220.5","3.5","2","0.1","2","10.64","13.67"
"Row  126","0.71","710.5","269.5","220.5","3.5","3","0.1","2","10.72","14.11"
"Row  127","0.71","710.5","269.5","220.5","3.5","4","0.1","2","10.55","13.8"
"Row  128","0.71","710.5","269.5","220.5","3.5","5","0.1","2","10.68","14.21"
"Row  129","0.69","735","294","220.5","3.5","2","0.1","2","11.45","13.2"
"Row  130","0.69","735","294","220.5","3.5","3","0.1","2","11.46","13.54"
"Row  131","0.69","735","294","220.5","3.5","4","0.1","2","11.32","13.32"
"Row  132","0.69","735","294","220.5","3.5","5","0.1","2","11.49","13.51"
"Row  133","0.66","759.5","318.5","220.5","3.5","2","0.1","2","11.45","14.86"
"Row  134","0.66","759.5","318.5","220.5","3.5","3","0.1","2","11.42","14.75"
"Row  135","0.66","759.5","318.5","220.5","3.5","4","0.1","2","11.33","15"
"Row  136","0.66","759.5","318.5","220.5","3.5","5","0.1","2","11.43","14.74"
"Row  137","0.64","784","343","220.5","3.5","2","0.1","2","15.41","19.23"
"Row  138","0.64","784","343","220.5","3.5","3","0.1","2","15.18","19.34"
"Row  139","0.64","784","343","220.5","3.5","4","0.1","2","15.34","19.32"
"Row  140","0.64","784","343","220.5","3.5","5","0.1","2","15.19","19.3"
"Row  141","0.62","808.5","367.5","220.5","3.5","2","0.1","2","12.88","14.37"
"Row  142","0.62","808.5","367.5","220.5","3.5","3","0.1","2","13","14.57"
"Row  143","0.62","808.5","367.5","220.5","3.5","4","0.1","2","12.97","14.27"
"Row  144","0.62","808.5","367.5","220.5","3.5","5","0.1","2","13.04","14.24"
"Row  145","0.98","514.5","294","110.25","7","2","0.1","3","24.28","25.68"
"Row  146","0.98","514.5","294","110.25","7","3","0.1","3","24.4","26.02"
"Row  147","0.98","514.5","294","110.25","7","4","0.1","3","24.11","25.84"
"Row  148","0.98","514.5","294","110.25","7","5","0.1","3","24.35","26.14"
"Row  149","0.9","563.5","318.5","122.5","7","2","0.1","3","28.07","34.14"
"Row  150","0.9","563.5","318.5","122.5","7","3","0.1","3","29.01","32.85"
"Row  151","0.9","563.5","318.5","122.5","7","4","0.1","3","29.62","30.08"
"Row  152","0.9","563.5","318.5","122.5","7","5","0.1","3","29.05","29.67"
"Row  153","0.86","588","294","147","7","2","0.1","3","25.41","31.73"
"Row  154","0.86","588","294","147","7","3","0.1","3","26.47","31.01"
"Row  155","0.86","588","294","147","7","4","0.1","3","26.89","25.9"
"Row  156","0.86","588","294","147","7","5","0.1","3","26.46","27.4"
"Row  157","0.82","612.5","318.5","147","7","2","0.1","3","22.93","28.68"
"Row  158","0.82","612.5","318.5","147","7","3","0.1","3","23.84","27.54"
"Row  159","0.82","612.5","318.5","147","7","4","0.1","3","24.17","25.35"
"Row  160","0.82","612.5","318.5","147","7","5","0.1","3","23.87","24.93"
"Row  161","0.79","637","343","147","7","2","0.1","3","35.78","43.12"
"Row  162","0.79","637","343","147","7","3","0.1","3","35.48","41.22"
"Row  163","0.79","637","343","147","7","4","0.1","3","36.97","35.1"
"Row  164","0.79","637","343","147","7","5","0.1","3","36.7","34.29"
"Row  165","0.76","661.5","416.5","122.5","7","2","0.1","3","32.52","33.85"
"Row  166","0.76","661.5","416.5","122.5","7","3","0.1","3","33.28","34.11"
"Row  167","0.76","661.5","416.5","122.5","7","4","0.1","3","32.33","34.48"
"Row  168","0.76","661.5","416.5","122.5","7","5","0.1","3","33.24","34.5"
"Row  169","0.74","686","245","220.5","3.5","2","0.1","3","10.39","13.6"
"Row  170","0.74","686","245","220.5","3.5","3","0.1","3","10.34","13.36"
"Row  171","0.74","686","245","220.5","3.5","4","0.1","3","10.35","13.65"
"Row  172","0.74","686","245","220.5","3.5","5","0.1","3","10.38","13.49"
"Row  173","0.71","710.5","269.5","220.5","3.5","2","0.1","3","10.77","14.14"
"Row  174","0.71","710.5","269.5","220.5","3.5","3","0.1","3","10.68","13.77"
"Row  175","0.71","710.5","269.5","220.5","3.5","4","0.1","3","10.68","14.3"
"Row  176","0.71","710.5","269.5","220.5","3.5","5","0.1","3","10.7","13.87"
"Row  177","0.69","735","294","220.5","3.5","2","0.1","3","11.22","14.44"
"Row  178","0.69","735","294","220.5","3.5","3","0.1","3","11.16","14.27"
"Row  179","0.69","735","294","220.5","3.5","4","0.1","3","11.1","14.67"
"Row  180","0.69","735","294","220.5","3.5","5","0.1","3","11.14","14.4"
"Row  181","0.66","759.5","318.5","220.5","3.5","2","0.1","3","11.59","13.46"
"Row  182","0.66","759.5","318.5","220.5","3.5","3","0.1","3","11.6","13.7"
"Row  183","0.66","759.5","318.5","220.5","3.5","4","0.1","3","11.53","13.59"
"Row  184","0.66","759.5","318.5","220.5","3.5","5","0.1","3","11.61","13.83"
"Row  185","0.64","784","343","220.5","3.5","2","0.1","3","15.16","19.14"
"Row  186","0.64","784","343","220.5","3.5","3","0.1","3","15.36","19.18"
"Row  187","0.64","784","343","220.5","3.5","4","0.1","3","15.12","19.37"
"Row  188","0.64","784","343","220.5","3.5","5","0.1","3","15.36","19.29"
"Row  189","0.62","808.5","367.5","220.5","3.5","2","0.1","3","12.68","14.09"
"Row  190","0.62","808.5","367.5","220.5","3.5","3","0.1","3","12.63","14.23"
"Row  191","0.62","808.5","367.5","220.5","3.5","4","0.1","3","12.71","14.14"
"Row  192","0.62","808.5","367.5","220.5","3.5","5","0.1","3","12.73","13.89"
"Row  193","0.98","514.5","294","110.25","7","2","0.1","4","24.38","25.91"
"Row  194","0.98","514.5","294","110.25","7","3","0.1","4","24.23","25.72"
"Row  195","0.98","514.5","294","110.25","7","4","0.1","4","24.04","26.18"
"Row  196","0.98","514.5","294","110.25","7","5","0.1","4","24.32","25.87"
"Row  197","0.9","563.5","318.5","122.5","7","2","0.1","4","29.06","29.34"
"Row  198","0.9","563.5","318.5","122.5","7","3","0.1","4","28.05","33.91"
"Row  199","0.9","563.5","318.5","122.5","7","4","0.1","4","28.86","32.83"
"Row  200","0.9","563.5","318.5","122.5","7","5","0.1","4","29.79","29.92"
"Row  201","0.86","588","294","147","7","2","0.1","4","26.44","27.17"
"Row  202","0.86","588","294","147","7","3","0.1","4","25.37","31.76"
"Row  203","0.86","588","294","147","7","4","0.1","4","26.33","31.06"
"Row  204","0.86","588","294","147","7","5","0.1","4","27.03","25.81"
"Row  205","0.82","612.5","318.5","147","7","2","0.1","4","23.8","24.61"
"Row  206","0.82","612.5","318.5","147","7","3","0.1","4","22.8","28.61"
"Row  207","0.82","612.5","318.5","147","7","4","0.1","4","23.59","27.57"
"Row  208","0.82","612.5","318.5","147","7","5","0.1","4","24.24","25.16"
"Row  209","0.79","637","343","147","7","2","0.1","4","36.86","34.25"
"Row  210","0.79","637","343","147","7","3","0.1","4","35.89","43.3"
"Row  211","0.79","637","343","147","7","4","0.1","4","35.45","41.86"
"Row  212","0.79","637","343","147","7","5","0.1","4","37.1","35.29"
"Row  213","0.76","661.5","416.5","122.5","7","2","0.1","4","33.08","34.11"
"Row  214","0.76","661.5","416.5","122.5","7","3","0.1","4","32.38","33.62"
"Row  215","0.76","661.5","416.5","122.5","7","4","0.1","4","33.09","33.89"
"Row  216","0.76","661.5","416.5","122.5","7","5","0.1","4","32.31","34.05"
"Row  217","0.74","686","245","220.5","3.5","2","0.1","4","10.08","13.2"
"Row  218","0.74","686","245","220.5","3.5","3","0.1","4","10.15","13.36"
"Row  219","0.74","686","245","220.5","3.5","4","0.1","4","10.07","13.21"
"Row  220","0.74","686","245","220.5","3.5","5","0.1","4","10.14","13.53"
"Row  221","0.71","710.5","269.5","220.5","3.5","2","0.1","4","10.66","13.67"
"Row  222","0.71","710.5","269.5","220.5","3.5","3","0.1","4","10.68","14.12"
"Row  223","0.71","710.5","269.5","220.5","3.5","4","0.1","4","10.53","13.79"
"Row  224","0.71","710.5","269.5","220.5","3.5","5","0.1","4","10.72","14.2"
"Row  225","0.69","735","294","220.5","3.5","2","0.1","4","11.18","14.29"
"Row  226","0.69","735","294","220.5","3.5","3","0.1","4","11.22","14.49"
"Row  227","0.69","735","294","220.5","3.5","4","0.1","4","11.07","14.42"
"Row  228","0.69","735","294","220.5","3.5","5","0.1","4","11.2","14.73"
"Row  229","0.66","759.5","318.5","220.5","3.5","2","0.1","4","11.44","14.86"
"Row  230","0.66","759.5","318.5","220.5","3.5","3","0.1","4","11.42","14.67"
"Row  231","0.66","759.5","318.5","220.5","3.5","4","0.1","4","11.33","15"
"Row  232","0.66","759.5","318.5","220.5","3.5","5","0.1","4","11.43","14.83"
"Row  233","0.64","784","343","220.5","3.5","2","0.1","4","15.4","19.24"
"Row  234","0.64","784","343","220.5","3.5","3","0.1","4","15.19","19.25"
"Row  235","0.64","784","343","220.5","3.5","4","0.1","4","15.32","19.42"
"Row  236","0.64","784","343","220.5","3.5","5","0.1","4","15.16","19.48"
"Row  237","0.62","808.5","367.5","220.5","3.5","2","0.1","4","12.85","14.37"
"Row  238","0.62","808.5","367.5","220.5","3.5","3","0.1","4","13.04","14.34"
"Row  239","0.62","808.5","367.5","220.5","3.5","4","0.1","4","13","14.28"
"Row  240","0.62","808.5","367.5","220.5","3.5","5","0.1","4","13","14.47"
"Row  241","0.98","514.5","294","110.25","7","2","0.1","5","24.35","25.64"
"Row  242","0.98","514.5","294","110.25","7","3","0.1","5","24.33","25.98"
"Row  243","0.98","514.5","294","110.25","7","4","0.1","5","24.03","25.88"
"Row  244","0.98","514.5","294","110.25","7","5","0.1","5","24.26","26.18"
"Row  245","0.9","563.5","318.5","122.5","7","2","0.1","5","29.83","29.82"
"Row  246","0.9","563.5","318.5","122.5","7","3","0.1","5","29.08","29.52"
"Row  247","0.9","563.5","318.5","122.5","7","4","0.1","5","28.03","34.45"
"Row  248","0.9","563.5","318.5","122.5","7","5","0.1","5","29.02","33.01"
"Row  249","0.86","588","294","147","7","2","0.1","5","27.03","25.82"
"Row  250","0.86","588","294","147","7","3","0.1","5","26.45","27.33"
"Row  251","0.86","588","294","147","7","4","0.1","5","25.36","32.04"
"Row  252","0.86","588","294","147","7","5","0.1","5","26.45","31.28"
"Row  253","0.82","612.5","318.5","147","7","2","0.1","5","24.37","25.11"
"Row  254","0.82","612.5","318.5","147","7","3","0.1","5","23.89","24.77"
"Row  255","0.82","612.5","318.5","147","7","4","0.1","5","22.89","28.88"
"Row  256","0.82","612.5","318.5","147","7","5","0.1","5","23.86","27.69"
"Row  257","0.79","637","343","147","7","2","0.1","5","37.03","34.99"
"Row  258","0.79","637","343","147","7","3","0.1","5","36.71","34.18"
"Row  259","0.79","637","343","147","7","4","0.1","5","36.77","43.14"
"Row  260","0.79","637","343","147","7","5","0.1","5","35.48","41.26"
"Row  261","0.76","661.5","416.5","122.5","7","2","0.1","5","32.31","34.25"
"Row  262","0.76","661.5","416.5","122.5","7","3","0.1","5","33.21","34.35"
"Row  263","0.76","661.5","416.5","122.5","7","4","0.1","5","32.46","33.64"
"Row  264","0.76","661.5","416.5","122.5","7","5","0.1","5","33.27","33.88"
"Row  265","0.74","686","245","220.5","3.5","2","0.1","5","10.47","13.65"
"Row  266","0.74","686","245","220.5","3.5","3","0.1","5","10.37","13.44"
"Row  267","0.74","686","245","220.5","3.5","4","0.1","5","10.34","13.72"
"Row  268","0.74","686","245","220.5","3.5","5","0.1","5","10.39","13.5"
"Row  269","0.71","710.5","269.5","220.5","3.5","2","0.1","5","10.78","14.18"
"Row  270","0.71","710.5","269.5","220.5","3.5","3","0.1","5","10.7","13.75"
"Row  271","0.71","710.5","269.5","220.5","3.5","4","0.1","5","10.67","14.26"
"Row  272","0.71","710.5","269.5","220.5","3.5","5","0.1","5","13.69","13.89"
"Row  273","0.69","735","294","220.5","3.5","2","0.1","5","11.21","14.55"
"Row  274","0.69","735","294","220.5","3.5","3","0.1","5","11.14","14.28"
"Row  275","0.69","735","294","220.5","3.5","4","0.1","5","11.11","14.46"
"Row  276","0.69","735","294","220.5","3.5","5","0.1","5","11.16","14.39"
"Row  277","0.66","759.5","318.5","220.5","3.5","2","0.1","5","11.38","14.54"
"Row  278","0.66","759.5","318.5","220.5","3.5","3","0.1","5","11.34","14.81"
"Row  279","0.66","759.5","318.5","220.5","3.5","4","0.1","5","11.22","14.65"
"Row  280","0.66","759.5","318.5","220.5","3.5","5","0.1","5","11.34","14.87"
"Row  281","0.64","784","343","220.5","3.5","2","0.1","5","15.16","19.24"
"Row  282","0.64","784","343","220.5","3.5","3","0.1","5","15.37","19.18"
"Row  283","0.64","784","343","220.5","3.5","4","0.1","5","15.12","19.26"
"Row  284","0.64","784","343","220.5","3.5","5","0.1","5","15.36","19.29"
"Row  285","0.62","808.5","367.5","220.5","3.5","2","0.1","5","12.59","14.24"
"Row  286","0.62","808.5","367.5","220.5","3.5","3","0.1","5","12.74","13.97"
"Row  287","0.62","808.5","367.5","220.5","3.5","4","0.1","5","12.8","13.99"
"Row  288","0.62","808.5","367.5","220.5","3.5","5","0.1","5","12.62","14.15"
"Row  289","0.98","514.5","294","110.25","7","2","0.25","1","28.15","29.79"
"Row  290","0.98","514.5","294","110.25","7","3","0.25","1","28.15","29.79"
"Row  291","0.98","514.5","294","110.25","7","4","0.25","1","28.37","29.28"
"Row  292","0.98","514.5","294","110.25","7","5","0.25","1","28.41","29.49"
"Row  293","0.9","563.5","318.5","122.5","7","2","0.25","1","32.68","36.12"
"Row  294","0.9","563.5","318.5","122.5","7","3","0.25","1","33.48","33.17"
"Row  295","0.9","563.5","318.5","122.5","7","4","0.25","1","32.84","32.71"
"Row  296","0.9","563.5","318.5","122.5","7","5","0.25","1","32","37.58"
"Row  297","0.86","588","294","147","7","2","0.25","1","29.54","33.98"
"Row  298","0.86","588","294","147","7","3","0.25","1","30.05","28.61"
"Row  299","0.86","588","294","147","7","4","0.25","1","29.6","30.12"
"Row  300","0.86","588","294","147","7","5","0.25","1","28.66","34.73"
"Row  301","0.82","612.5","318.5","147","7","2","0.25","1","26.84","30.17"
"Row  302","0.82","612.5","318.5","147","7","3","0.25","1","27.27","27.84"
"Row  303","0.82","612.5","318.5","147","7","4","0.25","1","26.97","27.25"
"Row  304","0.82","612.5","318.5","147","7","5","0.25","1","26.19","31.39"
"Row  305","0.79","637","343","147","7","2","0.25","1","38.67","43.8"
"Row  306","0.79","637","343","147","7","3","0.25","1","40.03","37.81"
"Row  307","0.79","637","343","147","7","4","0.25","1","39.86","36.85"
"Row  308","0.79","637","343","147","7","5","0.25","1","39.04","45.52"
"Row  309","0.76","661.5","416.5","122.5","7","2","0.25","1","36.96","36.85"
"Row  310","0.76","661.5","416.5","122.5","7","3","0.25","1","36.13","37.58"
"Row  311","0.76","661.5","416.5","122.5","7","4","0.25","1","36.91","37.45"
"Row  312","0.76","661.5","416.5","122.5","7","5","0.25","1","36.43","36.62"
"Row  313","0.74","686","245","220.5","3.5","2","0.25","1","12.43","15.19"
"Row  314","0.74","686","245","220.5","3.5","3","0.25","1","12.5","15.5"
"Row  315","0.74","686","245","220.5","3.5","4","0.25","1","12.41","15.28"
"Row  316","0.74","686","245","220.5","3.5","5","0.25","1","12.45","15.5"
"Row  317","0.71","710.5","269.5","220.5","3.5","2","0.25","1","12.57","15.42"
"Row  318","0.71","710.5","269.5","220.5","3.5","3","0.25","1","12.65","15.85"
"Row  319","0.71","710.5","269.5","220.5","3.5","4","0.25","1","12.57","15.44"
"Row  320","0.71","710.5","269.5","220.5","3.5","5","0.25","1","12.63","15.81"
"Row  321","0.69","735","294","220.5","3.5","2","0.25","1","12.78","15.21"
"Row  322","0.69","735","294","220.5","3.5","3","0.25","1","12.93","15.63"
"Row  323","0.69","735","294","220.5","3.5","4","0.25","1","12.73","15.48"
"Row  324","0.69","735","294","220.5","3.5","5","0.25","1","12.72","15.78"
"Row  325","0.66","759.5","318.5","220.5","3.5","2","0.25","1","13.17","16.39"
"Row  326","0.66","759.5","318.5","220.5","3.5","3","0.25","1","13.18","16.27"
"Row  327","0.66","759.5","318.5","220.5","3.5","4","0.25","1","13.17","16.39"
"Row  328","0.66","759.5","318.5","220.5","3.5","5","0.25","1","13.18","16.19"
"Row  329","0.64","784","343","220.5","3.5","2","0.25","1","17.5","21.13"
"Row  330","0.64","784","343","220.5","3.5","3","0.25","1","17.35","21.19"
"Row  331","0.64","784","343","220.5","3.5","4","0.25","1","17.52","21.09"
"Row  332","0.64","784","343","220.5","3.5","5","0.25","1","17.37","21.08"
"Row  333","0.62","808.5","367.5","220.5","3.5","2","0.25","1","15.09","15.77"
"Row  334","0.62","808.5","367.5","220.5","3.5","3","0.25","1","15.12","15.95"
"Row  335","0.62","808.5","367.5","220.5","3.5","4","0.25","1","15.08","15.77"
"Row  336","0.62","808.5","367.5","220.5","3.5","5","0.25","1","15.16","15.76"
"Row  337","0.98","514.5","294","110.25","7","2","0.25","2","28.67","29.62"
"Row  338","0.98","514.5","294","110.25","7","3","0.25","2","28.57","29.69"
"Row  339","0.98","514.5","294","110.25","7","4","0.25","2","28.18","30.18"
"Row  340","0.98","514.5","294","110.25","7","5","0.25","2","28.6","30.02"
"Row  341","0.9","563.5","318.5","122.5","7","2","0.25","2","32.46","35.56"
"Row  342","0.9","563.5","318.5","122.5","7","3","0.25","2","33.27","32.64"
"Row  343","0.9","563.5","318.5","122.5","7","4","0.25","2","32.33","32.77"
"Row  344","0.9","563.5","318.5","122.5","7","5","0.25","2","31.66","37.72"
"Row  345","0.86","588","294","147","7","2","0.25","2","29.34","33.37"
"Row  346","0.86","588","294","147","7","3","0.25","2","29.87","27.89"
"Row  347","0.86","588","294","147","7","4","0.25","2","29.27","29.9"
"Row  348","0.86","588","294","147","7","5","0.25","2","28.4","34.52"
"Row  349","0.82","612.5","318.5","147","7","2","0.25","2","25.74","28.27"
"Row  350","0.82","612.5","318.5","147","7","3","0.25","2","25.98","26.96"
"Row  351","0.82","612.5","318.5","147","7","4","0.25","2","25.38","26.72"
"Row  352","0.82","612.5","318.5","147","7","5","0.25","2","24.94","29.88"
"Row  353","0.79","637","343","147","7","2","0.25","2","38.57","43.86"
"Row  354","0.79","637","343","147","7","3","0.25","2","40.19","37.41"
"Row  355","0.79","637","343","147","7","4","0.25","2","39.97","36.77"
"Row  356","0.79","637","343","147","7","5","0.25","2","38.98","45.97"
"Row  357","0.76","661.5","416.5","122.5","7","2","0.25","2","36.95","36.87"
"Row  358","0.76","661.5","416.5","122.5","7","3","0.25","2","36.28","37.35"
"Row  359","0.76","661.5","416.5","122.5","7","4","0.25","2","36.86","37.28"
"Row  360","0.76","661.5","416.5","122.5","7","5","0.25","2","36.45","36.81"
"Row  361","0.74","686","245","220.5","3.5","2","0.25","2","12.35","14.73"
"Row  362","0.74","686","245","220.5","3.5","3","0.25","2","12.45","15.1"
"Row  363","0.74","686","245","220.5","3.5","4","0.25","2","12.16","15.18"
"Row  364","0.74","686","245","220.5","3.5","5","0.25","2","12.3","15.44"
"Row  365","0.71","710.5","269.5","220.5","3.5","2","0.25","2","12.33","14.91"
"Row  366","0.71","710.5","269.5","220.5","3.5","3","0.25","2","12.29","15.4"
"Row  367","0.71","710.5","269.5","220.5","3.5","4","0.25","2","12.2","14.94"
"Row  368","0.71","710.5","269.5","220.5","3.5","5","0.25","2","12.49","15.32"
"Row  369","0.69","735","294","220.5","3.5","2","0.25","2","12.85","15.52"
"Row  370","0.69","735","294","220.5","3.5","3","0.25","2","12.87","15.85"
"Row  371","0.69","735","294","220.5","3.5","4","0.25","2","12.73","15.66"
"Row  372","0.69","735","294","220.5","3.5","5","0.25","2","12.95","15.99"
"Row  373","0.66","759.5","318.5","220.5","3.5","2","0.25","2","13.05","15.89"
"Row  374","0.66","759.5","318.5","220.5","3.5","3","0.25","2","12.93","15.85"
"Row  375","0.66","759.5","318.5","220.5","3.5","4","0.25","2","12.77","16.22"
"Row  376","0.66","759.5","318.5","220.5","3.5","5","0.25","2","13","15.87"
"Row  377","0.64","784","343","220.5","3.5","2","0.25","2","17.14","20.47"
"Row  378","0.64","784","343","220.5","3.5","3","0.25","2","16.84","20.56"
"Row  379","0.64","784","343","220.5","3.5","4","0.25","2","17.02","20.48"
"Row  380","0.64","784","343","220.5","3.5","5","0.25","2","17.11","20.43"
"Row  381","0.62","808.5","367.5","220.5","3.5","2","0.25","2","14.34","15.32"
"Row  382","0.62","808.5","367.5","220.5","3.5","3","0.25","2","14.66","15.64"
"Row  383","0.62","808.5","367.5","220.5","3.5","4","0.25","2","14.6","15.14"
"Row  384","0.62","808.5","367.5","220.5","3.5","5","0.25","2","14.6","15.3"
"Row  385","0.98","514.5","294","110.25","7","2","0.25","3","28.67","29.43"
"Row  386","0.98","514.5","294","110.25","7","3","0.25","3","28.56","29.78"
"Row  387","0.98","514.5","294","110.25","7","4","0.25","3","28.17","30.1"
"Row  388","0.98","514.5","294","110.25","7","5","0.25","3","28.63","30.19"
"Row  389","0.9","563.5","318.5","122.5","7","2","0.25","3","31.63","36.35"
"Row  390","0.9","563.5","318.5","122.5","7","3","0.25","3","32.4","35.1"
"Row  391","0.9","563.5","318.5","122.5","7","4","0.25","3","32.68","32.83"
"Row  392","0.9","563.5","318.5","122.5","7","5","0.25","3","32.29","32.46"
"Row  393","0.86","588","294","147","7","2","0.25","3","28.4","33.52"
"Row  394","0.86","588","294","147","7","3","0.25","3","29.4","32.93"
"Row  395","0.86","588","294","147","7","4","0.25","3","29.43","28.38"
"Row  396","0.86","588","294","147","7","5","0.25","3","29.07","29.82"
"Row  397","0.82","612.5","318.5","147","7","2","0.25","3","24.7","28.77"
"Row  398","0.82","612.5","318.5","147","7","3","0.25","3","25.48","27.76"
"Row  399","0.82","612.5","318.5","147","7","4","0.25","3","25.37","26.95"
"Row  400","0.82","612.5","318.5","147","7","5","0.25","3","25.17","26.41"
"Row  401","0.79","637","343","147","7","2","0.25","3","39.04","45.13"
"Row  402","0.79","637","343","147","7","3","0.25","3","38.35","43.66"
"Row  403","0.79","637","343","147","7","4","0.25","3","39.81","37.76"
"Row  404","0.79","637","343","147","7","5","0.25","3","39.83","36.87"
"Row  405","0.76","661.5","416.5","122.5","7","2","0.25","3","35.99","36.07"
"Row  406","0.76","661.5","416.5","122.5","7","3","0.25","3","36.59","36.44"
"Row  407","0.76","661.5","416.5","122.5","7","4","0.25","3","35.64","37.28"
"Row  408","0.76","661.5","416.5","122.5","7","5","0.25","3","36.52","37.29"
"Row  409","0.74","686","245","220.5","3.5","2","0.25","3","11.8","14.49"
"Row  410","0.74","686","245","220.5","3.5","3","0.25","3","12.03","13.79"
"Row  411","0.74","686","245","220.5","3.5","4","0.25","3","11.98","14.72"
"Row  412","0.74","686","245","220.5","3.5","5","0.25","3","11.69","14.76"
"Row  413","0.71","710.5","269.5","220.5","3.5","2","0.25","3","12.41","14.92"
"Row  414","0.71","710.5","269.5","220.5","3.5","3","0.25","3","12.28","14.74"
"Row  415","0.71","710.5","269.5","220.5","3.5","4","0.25","3","12.1","15.57"
"Row  416","0.71","710.5","269.5","220.5","3.5","5","0.25","3","12.19","14.94"
"Row  417","0.69","735","294","220.5","3.5","2","0.25","3","12.34","14.92"
"Row  418","0.69","735","294","220.5","3.5","3","0.25","3","12.46","14.38"
"Row  419","0.69","735","294","220.5","3.5","4","0.25","3","12.31","15.44"
"Row  420","0.69","735","294","220.5","3.5","5","0.25","3","12.12","15.17"
"Row  421","0.66","759.5","318.5","220.5","3.5","2","0.25","3","12.97","15.53"
"Row  422","0.66","759.5","318.5","220.5","3.5","3","0.25","3","13.01","15.8"
"Row  423","0.66","759.5","318.5","220.5","3.5","4","0.25","3","12.74","16.14"
"Row  424","0.66","759.5","318.5","220.5","3.5","5","0.25","3","12.84","16.26"
"Row  425","0.64","784","343","220.5","3.5","2","0.25","3","16.83","19.87"
"Row  426","0.64","784","343","220.5","3.5","3","0.25","3","16.93","20.03"
"Row  427","0.64","784","343","220.5","3.5","4","0.25","3","16.66","20.46"
"Row  428","0.64","784","343","220.5","3.5","5","0.25","3","16.86","20.28"
"Row  429","0.62","808.5","367.5","220.5","3.5","2","0.25","3","13.91","14.89"
"Row  430","0.62","808.5","367.5","220.5","3.5","3","0.25","3","14.34","14.96"
"Row  431","0.62","808.5","367.5","220.5","3.5","4","0.25","3","13.95","14.89"
"Row  432","0.62","808.5","367.5","220.5","3.5","5","0.25","3","13.99","14.35"
"Row  433","0.98","514.5","294","110.25","7","2","0.25","4","28.7","29.61"
"Row  434","0.98","514.5","294","110.25","7","3","0.25","4","28.55","29.59"
"Row  435","0.98","514.5","294","110.25","7","4","0.25","4","28.15","30.19"
"Row  436","0.98","514.5","294","110.25","7","5","0.25","4","28.62","30.12"
"Row  437","0.9","563.5","318.5","122.5","7","2","0.25","4","32.67","32.12"
"Row  438","0.9","563.5","318.5","122.5","7","3","0.25","4","31.69","37.12"
"Row  439","0.9","563.5","318.5","122.5","7","4","0.25","4","32.07","36.16"
"Row  440","0.9","563.5","318.5","122.5","7","5","0.25","4","33.28","33.16"
"Row  441","0.86","588","294","147","7","2","0.25","4","29.47","29.45"
"Row  442","0.86","588","294","147","7","3","0.25","4","28.42","34.19"
"Row  443","0.86","588","294","147","7","4","0.25","4","29.08","33.93"
"Row  444","0.86","588","294","147","7","5","0.25","4","29.88","28.31"
"Row  445","0.82","612.5","318.5","147","7","2","0.25","4","25.66","26.3"
"Row  446","0.82","612.5","318.5","147","7","3","0.25","4","24.96","29.43"
"Row  447","0.82","612.5","318.5","147","7","4","0.25","4","25.43","28.76"
"Row  448","0.82","612.5","318.5","147","7","5","0.25","4","26","27.34"
"Row  449","0.79","637","343","147","7","2","0.25","4","40","36.26"
"Row  450","0.79","637","343","147","7","3","0.25","4","38.84","45.48"
"Row  451","0.79","637","343","147","7","4","0.25","4","38.33","44.16"
"Row  452","0.79","637","343","147","7","5","0.25","4","40.12","37.26"
"Row  453","0.76","661.5","416.5","122.5","7","2","0.25","4","36.95","37.2"
"Row  454","0.76","661.5","416.5","122.5","7","3","0.25","4","36.45","36.76"
"Row  455","0.76","661.5","416.5","122.5","7","4","0.25","4","36.81","37.05"
"Row  456","0.76","661.5","416.5","122.5","7","5","0.25","4","36.26","37.51"
"Row  457","0.74","686","245","220.5","3.5","2","0.25","4","12.32","14.92"
"Row  458","0.74","686","245","220.5","3.5","3","0.25","4","12.3","15.24"
"Row  459","0.74","686","245","220.5","3.5","4","0.25","4","12.18","15.03"
"Row  460","0.74","686","245","220.5","3.5","5","0.25","4","12.43","15.35"
"Row  461","0.71","710.5","269.5","220.5","3.5","2","0.25","4","12.36","14.67"
"Row  462","0.71","710.5","269.5","220.5","3.5","3","0.25","4","12.49","15.09"
"Row  463","0.71","710.5","269.5","220.5","3.5","4","0.25","4","12.17","15.2"
"Row  464","0.71","710.5","269.5","220.5","3.5","5","0.25","4","12.28","15.64"
"Row  465","0.69","735","294","220.5","3.5","2","0.25","4","12.91","15.37"
"Row  466","0.69","735","294","220.5","3.5","3","0.25","4","12.95","15.73"
"Row  467","0.69","735","294","220.5","3.5","4","0.25","4","12.67","15.83"
"Row  468","0.69","735","294","220.5","3.5","5","0.25","4","12.86","16.13"
"Row  469","0.66","759.5","318.5","220.5","3.5","2","0.25","4","12.95","15.95"
"Row  470","0.66","759.5","318.5","220.5","3.5","3","0.25","4","13","15.59"
"Row  471","0.66","759.5","318.5","220.5","3.5","4","0.25","4","12.86","16.17"
"Row  472","0.66","759.5","318.5","220.5","3.5","5","0.25","4","12.92","16.14"
"Row  473","0.64","784","343","220.5","3.5","2","0.25","4","16.99","19.65"
"Row  474","0.64","784","343","220.5","3.5","3","0.25","4","16.69","19.76"
"Row  475","0.64","784","343","220.5","3.5","4","0.25","4","16.56","20.37"
"Row  476","0.64","784","343","220.5","3.5","5","0.25","4","16.62","19.9"
"Row  477","0.62","808.5","367.5","220.5","3.5","2","0.25","4","14.33","15.41"
"Row  478","0.62","808.5","367.5","220.5","3.5","3","0.25","4","14.61","15.56"
"Row  479","0.62","808.5","367.5","220.5","3.5","4","0.25","4","14.61","15.07"
"Row  480","0.62","808.5","367.5","220.5","3.5","5","0.25","4","14.65","15.38"
"Row  481","0.98","514.5","294","110.25","7","2","0.25","5","28.69","29.53"
"Row  482","0.98","514.5","294","110.25","7","3","0.25","5","28.58","29.77"
"Row  483","0.98","514.5","294","110.25","7","4","0.25","5","28.15","30"
"Row  484","0.98","514.5","294","110.25","7","5","0.25","5","28.61","30.2"
"Row  485","0.9","563.5","318.5","122.5","7","2","0.25","5","33.13","32.25"
"Row  486","0.9","563.5","318.5","122.5","7","3","0.25","5","32.31","32"
"Row  487","0.9","563.5","318.5","122.5","7","4","0.25","5","31.53","37.19"
"Row  488","0.9","563.5","318.5","122.5","7","5","0.25","5","32.46","35.62"
"Row  489","0.86","588","294","147","7","2","0.25","5","29.71","28.02"
"Row  490","0.86","588","294","147","7","3","0.25","5","29.09","29.43"
"Row  491","0.86","588","294","147","7","4","0.25","5","28.31","34.15"
"Row  492","0.86","588","294","147","7","5","0.25","5","29.39","33.47"
"Row  493","0.82","612.5","318.5","147","7","2","0.25","5","25.7","26.53"
"Row  494","0.82","612.5","318.5","147","7","3","0.25","5","25.17","26.08"
"Row  495","0.82","612.5","318.5","147","7","4","0.25","5","24.6","29.31"
"Row  496","0.82","612.5","318.5","147","7","5","0.25","5","25.49","28.14"
"Row  497","0.79","637","343","147","7","2","0.25","5","39.89","37.54"
"Row  498","0.79","637","343","147","7","3","0.25","5","39.83","36.66"
"Row  499","0.79","637","343","147","7","4","0.25","5","39.01","45.28"
"Row  500","0.79","637","343","147","7","5","0.25","5","38.65","43.73"
"Row  501","0.76","661.5","416.5","122.5","7","2","0.25","5","35.69","36.93"
"Row  502","0.76","661.5","416.5","122.5","7","3","0.25","5","36.64","37.01"
"Row  503","0.76","661.5","416.5","122.5","7","4","0.25","5","36.06","35.73"
"Row  504","0.76","661.5","416.5","122.5","7","5","0.25","5","36.7","36.15"
"Row  505","0.74","686","245","220.5","3.5","2","0.25","5","12.12","14.48"
"Row  506","0.74","686","245","220.5","3.5","3","0.25","5","11.67","14.58"
"Row  507","0.74","686","245","220.5","3.5","4","0.25","5","11.64","14.81"
"Row  508","0.74","686","245","220.5","3.5","5","0.25","5","12.02","14.03"
"Row  509","0.71","710.5","269.5","220.5","3.5","2","0.25","5","12.27","15.27"
"Row  510","0.71","710.5","269.5","220.5","3.5","3","0.25","5","12.19","14.71"
"Row  511","0.71","710.5","269.5","220.5","3.5","4","0.25","5","12.25","15.23"
"Row  512","0.71","710.5","269.5","220.5","3.5","5","0.25","5","12.27","14.97"
"Row  513","0.69","735","294","220.5","3.5","2","0.25","5","12.47","15.14"
"Row  514","0.69","735","294","220.5","3.5","3","0.25","5","12.12","14.97"
"Row  515","0.69","735","294","220.5","3.5","4","0.25","5","12.18","15.22"
"Row  516","0.69","735","294","220.5","3.5","5","0.25","5","12.47","14.6"
"Row  517","0.66","759.5","318.5","220.5","3.5","2","0.25","5","12.93","15.83"
"Row  518","0.66","759.5","318.5","220.5","3.5","3","0.25","5","12.82","16.03"
"Row  519","0.66","759.5","318.5","220.5","3.5","4","0.25","5","12.78","15.8"
"Row  520","0.66","759.5","318.5","220.5","3.5","5","0.25","5","13.02","16.06"
"Row  521","0.64","784","343","220.5","3.5","2","0.25","5","16.73","20.13"
"Row  522","0.64","784","343","220.5","3.5","3","0.25","5","16.86","20.01"
"Row  523","0.64","784","343","220.5","3.5","4","0.25","5","16.76","20.19"
"Row  524","0.64","784","343","220.5","3.5","5","0.25","5","16.92","20.29"
"Row  525","0.62","808.5","367.5","220.5","3.5","2","0.25","5","13.68","15.19"
"Row  526","0.62","808.5","367.5","220.5","3.5","3","0.25","5","13.99","14.61"
"Row  527","0.62","808.5","367.5","220.5","3.5","4","0.25","5","14.16","14.61"
"Row  528","0.62","808.5","367.5","220.5","3.5","5","0.25","5","13.86","14.75"
"Row  529","0.98","514.5","294","110.25","7","2","0.4","1","32.26","33.37"
"Row  530","0.98","514.5","294","110.25","7","3","0.4","1","32.26","33.34"
"Row  531","0.98","514.5","294","110.25","7","4","0.4","1","32.49","32.83"
"Row  532","0.98","514.5","294","110.25","7","5","0.4","1","32.53","33.04"
"Row  533","0.9","563.5","318.5","122.5","7","2","0.4","1","36.47","39.28"
"Row  534","0.9","563.5","318.5","122.5","7","3","0.4","1","37.24","36.38"
"Row  535","0.9","563.5","318.5","122.5","7","4","0.4","1","36.66","35.92"
"Row  536","0.9","563.5","318.5","122.5","7","5","0.4","1","35.96","40.99"
"Row  537","0.86","588","294","147","7","2","0.4","1","31.89","35.99"
"Row  538","0.86","588","294","147","7","3","0.4","1","32.39","30.66"
"Row  539","0.86","588","294","147","7","4","0.4","1","32.09","31.7"
"Row  540","0.86","588","294","147","7","5","0.4","1","31.29","36.73"
"Row  541","0.82","612.5","318.5","147","7","2","0.4","1","29.22","31.71"
"Row  542","0.82","612.5","318.5","147","7","3","0.4","1","29.91","29.13"
"Row  543","0.82","612.5","318.5","147","7","4","0.4","1","29.53","28.99"
"Row  544","0.82","612.5","318.5","147","7","5","0.4","1","28.65","33.54"
"Row  545","0.79","637","343","147","7","2","0.4","1","41.4","45.29"
"Row  546","0.79","637","343","147","7","3","0.4","1","42.62","39.07"
"Row  547","0.79","637","343","147","7","4","0.4","1","42.5","38.35"
"Row  548","0.79","637","343","147","7","5","0.4","1","41.67","46.94"
"Row  549","0.76","661.5","416.5","122.5","7","2","0.4","1","40.78","39.55"
"Row  550","0.76","661.5","416.5","122.5","7","3","0.4","1","39.97","40.85"
"Row  551","0.76","661.5","416.5","122.5","7","4","0.4","1","40.71","40.63"
"Row  552","0.76","661.5","416.5","122.5","7","5","0.4","1","40.43","39.48"
"Row  553","0.74","686","245","220.5","3.5","2","0.4","1","14.52","16.94"
"Row  554","0.74","686","245","220.5","3.5","3","0.4","1","14.61","17.25"
"Row  555","0.74","686","245","220.5","3.5","4","0.4","1","14.5","17.03"
"Row  556","0.74","686","245","220.5","3.5","5","0.4","1","14.55","17.25"
"Row  557","0.71","710.5","269.5","220.5","3.5","2","0.4","1","14.51","17.1"
"Row  558","0.71","710.5","269.5","220.5","3.5","3","0.4","1","14.6","17.51"
"Row  559","0.71","710.5","269.5","220.5","3.5","4","0.4","1","14.5","17.12"
"Row  560","0.71","710.5","269.5","220.5","3.5","5","0.4","1","14.58","17.47"
"Row  561","0.69","735","294","220.5","3.5","2","0.4","1","14.51","16.5"
"Row  562","0.69","735","294","220.5","3.5","3","0.4","1","14.7","17"
"Row  563","0.69","735","294","220.5","3.5","4","0.4","1","14.42","16.87"
"Row  564","0.69","735","294","220.5","3.5","5","0.4","1","14.42","17.2"
"Row  565","0.66","759.5","318.5","220.5","3.5","2","0.4","1","15.23","18.14"
"Row  566","0.66","759.5","318.5","220.5","3.5","3","0.4","1","15.23","18.03"
"Row  567","0.66","759.5","318.5","220.5","3.5","4","0.4","1","15.23","18.14"
"Row  568","0.66","759.5","318.5","220.5","3.5","5","0.4","1","15.23","17.95"
"Row  569","0.64","784","343","220.5","3.5","2","0.4","1","19.52","22.72"
"Row  570","0.64","784","343","220.5","3.5","3","0.4","1","19.36","22.73"
"Row  571","0.64","784","343","220.5","3.5","4","0.4","1","19.48","22.72"
"Row  572","0.64","784","343","220.5","3.5","5","0.4","1","19.42","22.53"
"Row  573","0.62","808.5","367.5","220.5","3.5","2","0.4","1","15.09","17.2"
"Row  574","0.62","808.5","367.5","220.5","3.5","3","0.4","1","17.17","17.21"
"Row  575","0.62","808.5","367.5","220.5","3.5","4","0.4","1","17.14","17.15"
"Row  576","0.62","808.5","367.5","220.5","3.5","5","0.4","1","17.14","17.2"
"Row  577","0.98","514.5","294","110.25","7","2","0.4","2","32.82","32.96"
"Row  578","0.98","514.5","294","110.25","7","3","0.4","2","32.71","33.13"
"Row  579","0.98","514.5","294","110.25","7","4","0.4","2","32.24","33.94"
"Row  580","0.98","514.5","294","110.25","7","5","0.4","2","32.72","33.78"
"Row  581","0.9","563.5","318.5","122.5","7","2","0.4","2","35.84","38.35"
"Row  582","0.9","563.5","318.5","122.5","7","3","0.4","2","36.57","35.39"
"Row  583","0.9","563.5","318.5","122.5","7","4","0.4","2","36.06","34.94"
"Row  584","0.9","563.5","318.5","122.5","7","5","0.4","2","35.69","40.66"
"Row  585","0.86","588","294","147","7","2","0.4","2","32.48","35.48"
"Row  586","0.86","588","294","147","7","3","0.4","2","32.74","30.53"
"Row  587","0.86","588","294","147","7","4","0.4","2","32.13","32.28"
"Row  588","0.86","588","294","147","7","5","0.4","2","31.64","36.86"
"Row  589","0.82","612.5","318.5","147","7","2","0.4","2","28.95","30.34"
"Row  590","0.82","612.5","318.5","147","7","3","0.4","2","29.49","27.93"
"Row  591","0.82","612.5","318.5","147","7","4","0.4","2","28.64","28.95"
"Row  592","0.82","612.5","318.5","147","7","5","0.4","2","28.01","32.92"
"Row  593","0.79","637","343","147","7","2","0.4","2","41.64","45.59"
"Row  594","0.79","637","343","147","7","3","0.4","2","43.1","39.41"
"Row  595","0.79","637","343","147","7","4","0.4","2","42.74","38.84"
"Row  596","0.79","637","343","147","7","5","0.4","2","41.92","48.03"
"Row  597","0.76","661.5","416.5","122.5","7","2","0.4","2","40.78","39.48"
"Row  598","0.76","661.5","416.5","122.5","7","3","0.4","2","40.15","40.4"
"Row  599","0.76","661.5","416.5","122.5","7","4","0.4","2","40.57","40.47"
"Row  600","0.76","661.5","416.5","122.5","7","5","0.4","2","40.42","39.7"
"Row  601","0.74","686","245","220.5","3.5","2","0.4","2","14.54","16.43"
"Row  602","0.74","686","245","220.5","3.5","3","0.4","2","14.45","16.93"
"Row  603","0.74","686","245","220.5","3.5","4","0.4","2","14.18","16.99"
"Row  604","0.74","686","245","220.5","3.5","5","0.4","2","14.5","17.03"
"Row  605","0.71","710.5","269.5","220.5","3.5","2","0.4","2","14.7","16.77"
"Row  606","0.71","710.5","269.5","220.5","3.5","3","0.4","2","14.66","17.37"
"Row  607","0.71","710.5","269.5","220.5","3.5","4","0.4","2","14.4","17.27"
"Row  608","0.71","710.5","269.5","220.5","3.5","5","0.4","2","14.71","17.51"
"Row  609","0.69","735","294","220.5","3.5","2","0.4","2","14.75","16.44"
"Row  610","0.69","735","294","220.5","3.5","3","0.4","2","14.71","17.01"
"Row  611","0.69","735","294","220.5","3.5","4","0.4","2","14.33","17.23"
"Row  612","0.69","735","294","220.5","3.5","5","0.4","2","14.62","17.22"
"Row  613","0.66","759.5","318.5","220.5","3.5","2","0.4","2","15.34","17.85"
"Row  614","0.66","759.5","318.5","220.5","3.5","3","0.4","2","15.29","17.89"
"Row  615","0.66","759.5","318.5","220.5","3.5","4","0.4","2","15.09","18.36"
"Row  616","0.66","759.5","318.5","220.5","3.5","5","0.4","2","15.3","18.15"
"Row  617","0.64","784","343","220.5","3.5","2","0.4","2","19.2","21.72"
"Row  618","0.64","784","343","220.5","3.5","3","0.4","2","18.88","22.07"
"Row  619","0.64","784","343","220.5","3.5","4","0.4","2","18.9","22.09"
"Row  620","0.64","784","343","220.5","3.5","5","0.4","2","19.12","21.93"
"Row  621","0.62","808.5","367.5","220.5","3.5","2","0.4","2","16.76","17.36"
"Row  622","0.62","808.5","367.5","220.5","3.5","3","0.4","2","17.23","17.38"
"Row  623","0.62","808.5","367.5","220.5","3.5","4","0.4","2","17.26","16.86"
"Row  624","0.62","808.5","367.5","220.5","3.5","5","0.4","2","17.15","16.99"
"Row  625","0.98","514.5","294","110.25","7","2","0.4","3","32.82","32.78"
"Row  626","0.98","514.5","294","110.25","7","3","0.4","3","32.69","33.24"
"Row  627","0.98","514.5","294","110.25","7","4","0.4","3","32.23","33.86"
"Row  628","0.98","514.5","294","110.25","7","5","0.4","3","32.75","34"
"Row  629","0.9","563.5","318.5","122.5","7","2","0.4","3","34.24","37.26"
"Row  630","0.9","563.5","318.5","122.5","7","3","0.4","3","34.95","35.04"
"Row  631","0.9","563.5","318.5","122.5","7","4","0.4","3","35.05","33.82"
"Row  632","0.9","563.5","318.5","122.5","7","5","0.4","3","34.29","33.31"
"Row  633","0.86","588","294","147","7","2","0.4","3","31.28","35.22"
"Row  634","0.86","588","294","147","7","3","0.4","3","32.12","34.7"
"Row  635","0.86","588","294","147","7","4","0.4","3","32.05","30.11"
"Row  636","0.86","588","294","147","7","5","0.4","3","31.84","31.6"
"Row  637","0.82","612.5","318.5","147","7","2","0.4","3","28.67","32.43"
"Row  638","0.82","612.5","318.5","147","7","3","0.4","3","29.67","30.65"
"Row  639","0.82","612.5","318.5","147","7","4","0.4","3","29.47","29.77"
"Row  640","0.82","612.5","318.5","147","7","5","0.4","3","28.91","29.64"
"Row  641","0.79","637","343","147","7","2","0.4","3","41.26","46.44"
"Row  642","0.79","637","343","147","7","3","0.4","3","41.3","44.18"
"Row  643","0.79","637","343","147","7","4","0.4","3","42.49","38.81"
"Row  644","0.79","637","343","147","7","5","0.4","3","42.08","38.23"
"Row  645","0.76","661.5","416.5","122.5","7","2","0.4","3","39.32","38.17"
"Row  646","0.76","661.5","416.5","122.5","7","3","0.4","3","39.84","38.48"
"Row  647","0.76","661.5","416.5","122.5","7","4","0.4","3","38.89","39.66"
"Row  648","0.76","661.5","416.5","122.5","7","5","0.4","3","39.68","40.1"
"Row  649","0.74","686","245","220.5","3.5","2","0.4","3","13.97","16.08"
"Row  650","0.74","686","245","220.5","3.5","3","0.4","3","14.22","15.39"
"Row  651","0.74","686","245","220.5","3.5","4","0.4","3","14.1","16.57"
"Row  652","0.74","686","245","220.5","3.5","5","0.4","3","13.78","16.6"
"Row  653","0.71","710.5","269.5","220.5","3.5","2","0.4","3","14.07","16.11"
"Row  654","0.71","710.5","269.5","220.5","3.5","3","0.4","3","14.03","15.47"
"Row  655","0.71","710.5","269.5","220.5","3.5","4","0.4","3","13.94","16.7"
"Row  656","0.71","710.5","269.5","220.5","3.5","5","0.4","3","13.86","16.1"
"Row  657","0.69","735","294","220.5","3.5","2","0.4","3","14.32","16.35"
"Row  658","0.69","735","294","220.5","3.5","3","0.4","3","14.56","15.84"
"Row  659","0.69","735","294","220.5","3.5","4","0.4","3","14.33","16.99"
"Row  660","0.69","735","294","220.5","3.5","5","0.4","3","14.08","17.02"
"Row  661","0.66","759.5","318.5","220.5","3.5","2","0.4","3","15.16","17.04"
"Row  662","0.66","759.5","318.5","220.5","3.5","3","0.4","3","15.18","17.63"
"Row  663","0.66","759.5","318.5","220.5","3.5","4","0.4","3","14.72","18.1"
"Row  664","0.66","759.5","318.5","220.5","3.5","5","0.4","3","14.9","18.22"
"Row  665","0.64","784","343","220.5","3.5","2","0.4","3","18.48","20.78"
"Row  666","0.64","784","343","220.5","3.5","3","0.4","3","18.71","20.72"
"Row  667","0.64","784","343","220.5","3.5","4","0.4","3","18.48","21.54"
"Row  668","0.64","784","343","220.5","3.5","5","0.4","3","18.46","21.53"
"Row  669","0.62","808.5","367.5","220.5","3.5","2","0.4","3","16.47","16.9"
"Row  670","0.62","808.5","367.5","220.5","3.5","3","0.4","3","16.35","17.14"
"Row  671","0.62","808.5","367.5","220.5","3.5","4","0.4","3","16.55","16.56"
"Row  672","0.62","808.5","367.5","220.5","3.5","5","0.4","3","16.74","16"
"Row  673","0.98","514.5","294","110.25","7","2","0.4","4","32.85","32.95"
"Row  674","0.98","514.5","294","110.25","7","3","0.4","4","32.67","33.06"
"Row  675","0.98","514.5","294","110.25","7","4","0.4","4","32.21","33.95"
"Row  676","0.98","514.5","294","110.25","7","5","0.4","4","32.74","33.88"
"Row  677","0.9","563.5","318.5","122.5","7","2","0.4","4","36.45","33.98"
"Row  678","0.9","563.5","318.5","122.5","7","3","0.4","4","35.73","39.92"
"Row  679","0.9","563.5","318.5","122.5","7","4","0.4","4","35.4","39.22"
"Row  680","0.9","563.5","318.5","122.5","7","5","0.4","4","36.57","36.1"
"Row  681","0.86","588","294","147","7","2","0.4","4","32.38","31.53"
"Row  682","0.86","588","294","147","7","3","0.4","4","31.66","36.2"
"Row  683","0.86","588","294","147","7","4","0.4","4","32.15","36.21"
"Row  684","0.86","588","294","147","7","5","0.4","4","32.75","31"
"Row  685","0.82","612.5","318.5","147","7","2","0.4","4","28.93","28.2"
"Row  686","0.82","612.5","318.5","147","7","3","0.4","4","28.05","32.35"
"Row  687","0.82","612.5","318.5","147","7","4","0.4","4","28.64","31.14"
"Row  688","0.82","612.5","318.5","147","7","5","0.4","4","29.52","28.43"
"Row  689","0.79","637","343","147","7","2","0.4","4","42.77","38.33"
"Row  690","0.79","637","343","147","7","3","0.4","4","41.73","47.59"
"Row  691","0.79","637","343","147","7","4","0.4","4","41.32","46.23"
"Row  692","0.79","637","343","147","7","5","0.4","4","42.96","39.56"
"Row  693","0.76","661.5","416.5","122.5","7","2","0.4","4","40.68","40.36"
"Row  694","0.76","661.5","416.5","122.5","7","3","0.4","4","40.4","39.67"
"Row  695","0.76","661.5","416.5","122.5","7","4","0.4","4","40.6","39.85"
"Row  696","0.76","661.5","416.5","122.5","7","5","0.4","4","40.11","40.77"
"Row  697","0.74","686","245","220.5","3.5","2","0.4","4","14.37","16.61"
"Row  698","0.74","686","245","220.5","3.5","3","0.4","4","14.48","16.74"
"Row  699","0.74","686","245","220.5","3.5","4","0.4","4","14.32","16.9"
"Row  700","0.74","686","245","220.5","3.5","5","0.4","4","14.44","17.32"
"Row  701","0.71","710.5","269.5","220.5","3.5","2","0.4","4","14.6","16.85"
"Row  702","0.71","710.5","269.5","220.5","3.5","3","0.4","4","14.7","17.2"
"Row  703","0.71","710.5","269.5","220.5","3.5","4","0.4","4","14.47","17.23"
"Row  704","0.71","710.5","269.5","220.5","3.5","5","0.4","4","14.66","17.74"
"Row  705","0.69","735","294","220.5","3.5","2","0.4","4","14.54","16.81"
"Row  706","0.69","735","294","220.5","3.5","3","0.4","4","14.62","16.88"
"Row  707","0.69","735","294","220.5","3.5","4","0.4","4","14.53","16.9"
"Row  708","0.69","735","294","220.5","3.5","5","0.4","4","14.71","17.39"
"Row  709","0.66","759.5","318.5","220.5","3.5","2","0.4","4","15.34","17.86"
"Row  710","0.66","759.5","318.5","220.5","3.5","3","0.4","4","15.29","17.82"
"Row  711","0.66","759.5","318.5","220.5","3.5","4","0.4","4","15.09","18.36"
"Row  712","0.66","759.5","318.5","220.5","3.5","5","0.4","4","15.3","18.24"
"Row  713","0.64","784","343","220.5","3.5","2","0.4","4","19.06","21.68"
"Row  714","0.64","784","343","220.5","3.5","3","0.4","4","19.13","21.54"
"Row  715","0.64","784","343","220.5","3.5","4","0.4","4","19","22.25"
"Row  716","0.64","784","343","220.5","3.5","5","0.4","4","18.84","22.49"
"Row  717","0.62","808.5","367.5","220.5","3.5","2","0.4","4","16.44","17.1"
"Row  718","0.62","808.5","367.5","220.5","3.5","3","0.4","4","16.9","16.79"
"Row  719","0.62","808.5","367.5","220.5","3.5","4","0.4","4","16.94","16.58"
"Row  720","0.62","808.5","367.5","220.5","3.5","5","0.4","4","16.77","16.79"
"Row  721","0.98","514.5","294","110.25","7","2","0.4","5","32.84","32.88"
"Row  722","0.98","514.5","294","110.25","7","3","0.4","5","32.72","33.23"
"Row  723","0.98","514.5","294","110.25","7","4","0.4","5","32.21","33.76"
"Row  724","0.98","514.5","294","110.25","7","5","0.4","5","32.73","34.01"
"Row  725","0.9","563.5","318.5","122.5","7","2","0.4","5","35.67","33.94"
"Row  726","0.9","563.5","318.5","122.5","7","3","0.4","5","35.01","33.14"
"Row  727","0.9","563.5","318.5","122.5","7","4","0.4","5","34.72","38.79"
"Row  728","0.9","563.5","318.5","122.5","7","5","0.4","5","35.24","37.27"
"Row  729","0.86","588","294","147","7","2","0.4","5","32.31","29.69"
"Row  730","0.86","588","294","147","7","3","0.4","5","31.81","31.2"
"Row  731","0.86","588","294","147","7","4","0.4","5","31.12","36.26"
"Row  732","0.86","588","294","147","7","5","0.4","5","32.06","35.71"
"Row  733","0.82","612.5","318.5","147","7","2","0.4","5","30","29.93"
"Row  734","0.82","612.5","318.5","147","7","3","0.4","5","29.5","29.56"
"Row  735","0.82","612.5","318.5","147","7","4","0.4","5","29.06","33.84"
"Row  736","0.82","612.5","318.5","147","7","5","0.4","5","29.92","32.54"
"Row  737","0.79","637","343","147","7","2","0.4","5","42.11","38.56"
"Row  738","0.79","637","343","147","7","3","0.4","5","41.96","37.7"
"Row  739","0.79","637","343","147","7","4","0.4","5","41.09","47.01"
"Row  740","0.79","637","343","147","7","5","0.4","5","40.79","44.87"
"Row  741","0.76","661.5","416.5","122.5","7","2","0.4","5","38.82","39.37"
"Row  742","0.76","661.5","416.5","122.5","7","3","0.4","5","39.72","39.8"
"Row  743","0.76","661.5","416.5","122.5","7","4","0.4","5","39.31","37.79"
"Row  744","0.76","661.5","416.5","122.5","7","5","0.4","5","39.86","38.18"
"Row  745","0.74","686","245","220.5","3.5","2","0.4","5","14.41","16.69"
"Row  746","0.74","686","245","220.5","3.5","3","0.4","5","14.19","16.62"
"Row  747","0.74","686","245","220.5","3.5","4","0.4","5","14.17","16.94"
"Row  748","0.74","686","245","220.5","3.5","5","0.4","5","14.39","16.7"
"Row  749","0.71","710.5","269.5","220.5","3.5","2","0.4","5","12.43","15.59"
"Row  750","0.71","710.5","269.5","220.5","3.5","3","0.4","5","12.63","14.58"
"Row  751","0.71","710.5","269.5","220.5","3.5","4","0.4","5","12.76","15.33"
"Row  752","0.71","710.5","269.5","220.5","3.5","5","0.4","5","12.42","15.31"
"Row  753","0.69","735","294","220.5","3.5","2","0.4","5","14.12","16.63"
"Row  754","0.69","735","294","220.5","3.5","3","0.4","5","14.28","15.87"
"Row  755","0.69","735","294","220.5","3.5","4","0.4","5","14.37","16.54"
"Row  756","0.69","735","294","220.5","3.5","5","0.4","5","14.21","16.74"
"Row  757","0.66","759.5","318.5","220.5","3.5","2","0.4","5","14.96","17.64"
"Row  758","0.66","759.5","318.5","220.5","3.5","3","0.4","5","14.92","17.79"
"Row  759","0.66","759.5","318.5","220.5","3.5","4","0.4","5","14.92","17.55"
"Row  760","0.66","759.5","318.5","220.5","3.5","5","0.4","5","15.16","18.06"
"Row  761","0.64","784","343","220.5","3.5","2","0.4","5","17.69","20.82"
"Row  762","0.64","784","343","220.5","3.5","3","0.4","5","18.19","20.21"
"Row  763","0.64","784","343","220.5","3.5","4","0.4","5","18.16","20.71"
"Row  764","0.64","784","343","220.5","3.5","5","0.4","5","17.88","21.4"
"Row  765","0.62","808.5","367.5","220.5","3.5","2","0.4","5","16.54","16.88"
"Row  766","0.62","808.5","367.5","220.5","3.5","3","0.4","5","16.44","17.11"
"Row  767","0.62","808.5","367.5","220.5","3.5","4","0.4","5","16.48","16.61"
"Row  768","0.62","808.5","367.5","220.5","3.5","5","0.4","5","16.64","16.03"
